{"metadata":{"asset_id":"43897974-7812-4d9e-adbb-36ee919b43fc","asset_attributes":["data_asset"],"name":"airline-data.csv","asset_type":"data_asset","created_at":"2020-11-20T00:32:23Z","description":"","origin_country":"us","owner_id":"1000331178","project_id":"3f62305e-e5aa-40c4-bd69-fd7af8ee2e73","size":1526191,"tags":[],"usage":{"last_update_time":1605832344628,"last_updated_at":"2020-11-20T00:32:24Z"}},"entity":{"data_asset":{"mime_type":"text/csv","dataset":false}},"attachments":[{"id":"305188f3-0e17-4549-af08-966800b930d6","version":2,"asset_type":"data_asset","name":"airline-data.csv","mime":"text/csv","datasource_type":"81bafdbd-b7c6-45c5-a4fd-6ec135f66f4e","object_key":"data_asset/airline-data.csv","creator_id":"1000331178","create_time":1605832344627,"size":1526191,"is_remote":false,"is_managed":false,"is_referenced":true,"is_object_key_read_only":true,"is_user_provided_path_key":true,"transfer_complete":true,"is_partitioned":false,"complete_time_ticks":1605832344627,"user_data":{},"test_doc":0,"handle":{"key":"data_asset/airline-data.csv","upload_id":"done","max_part_num":1},"usage":{"access_count":0,"last_accessor_id":"1000331178","last_access_time":1605832344627}}]}